event_type,original_event_date,trading_event_date,pre_event_trading_date,pre_event_regime,event_day_regime
CPI,2010-01-15,2010-01-15,2010-01-14,Calm,Calm
FOMC,2010-01-27,2010-01-27,2010-01-26,Choppy,Choppy
CPI,2010-02-19,2010-02-19,2010-02-18,Choppy,Calm
FOMC,2010-03-16,2010-03-16,2010-03-15,Calm,Calm
CPI,2010-03-18,2010-03-18,2010-03-17,Calm,Calm
CPI,2010-04-14,2010-04-14,2010-04-13,Calm,Calm
FOMC,2010-04-28,2010-04-28,2010-04-27,Calm,Calm
CPI,2010-05-19,2010-05-19,2010-05-18,Choppy,Choppy
CPI,2010-06-17,2010-06-17,2010-06-16,Choppy,Choppy
FOMC,2010-06-23,2010-06-23,2010-06-22,Choppy,Choppy
CPI,2010-07-16,2010-07-16,2010-07-15,Choppy,Choppy
FOMC,2010-08-10,2010-08-10,2010-08-09,Calm,Calm
CPI,2010-08-13,2010-08-13,2010-08-12,Choppy,Calm
CPI,2010-09-17,2010-09-17,2010-09-16,Calm,Calm
FOMC,2010-09-21,2010-09-21,2010-09-20,Calm,Calm
CPI,2010-10-15,2010-10-15,2010-10-14,Calm,Calm
FOMC,2010-11-03,2010-11-03,2010-11-02,Calm,Calm
CPI,2010-11-17,2010-11-17,2010-11-16,Calm,Calm
FOMC,2010-12-14,2010-12-14,2010-12-13,Calm,Calm
CPI,2010-12-15,2010-12-15,2010-12-14,Calm,Calm
CPI,2011-01-14,2011-01-14,2011-01-13,Calm,Calm
FOMC,2011-01-26,2011-01-26,2011-01-25,Calm,Calm
CPI,2011-02-17,2011-02-17,2011-02-16,Calm,Calm
FOMC,2011-03-15,2011-03-15,2011-03-14,Calm,Choppy
CPI,2011-03-17,2011-03-17,2011-03-16,Choppy,Choppy
CPI,2011-04-15,2011-04-15,2011-04-14,Calm,Calm
FOMC,2011-04-27,2011-04-27,2011-04-26,Calm,Calm
CPI,2011-05-13,2011-05-13,2011-05-12,Calm,Calm
CPI,2011-06-15,2011-06-15,2011-06-14,Choppy,Choppy
FOMC,2011-06-22,2011-06-22,2011-06-21,Calm,Choppy
CPI,2011-07-15,2011-07-15,2011-07-14,Calm,Calm
FOMC,2011-08-09,2011-08-09,2011-08-08,Choppy,Choppy
CPI,2011-08-18,2011-08-18,2011-08-17,Choppy,Stressed
CPI,2011-09-15,2011-09-15,2011-09-14,Choppy,Choppy
FOMC,2011-09-21,2011-09-21,2011-09-20,Choppy,Choppy
CPI,2011-10-19,2011-10-19,2011-10-18,Choppy,Choppy
FOMC,2011-11-02,2011-11-02,2011-11-01,Calm,Calm
CPI,2011-11-16,2011-11-16,2011-11-15,Calm,Calm
FOMC,2011-12-13,2011-12-13,2011-12-12,Choppy,Choppy
CPI,2011-12-16,2011-12-16,2011-12-15,Choppy,Choppy
CPI,2012-01-19,2012-01-19,2012-01-18,Calm,Calm
FOMC,2012-01-25,2012-01-25,2012-01-24,Calm,Calm
CPI,2012-02-17,2012-02-17,2012-02-16,Calm,Calm
FOMC,2012-03-13,2012-03-13,2012-03-12,Calm,Calm
CPI,2012-03-16,2012-03-16,2012-03-15,Calm,Calm
CPI,2012-04-13,2012-04-13,2012-04-12,Calm,Calm
FOMC,2012-04-25,2012-04-25,2012-04-24,Calm,Calm
CPI,2012-05-15,2012-05-15,2012-05-14,Choppy,Choppy
CPI,2012-06-14,2012-06-14,2012-06-13,Choppy,Choppy
FOMC,2012-06-20,2012-06-20,2012-06-19,Calm,Calm
CPI,2012-07-17,2012-07-17,2012-07-16,Calm,Calm
FOMC,2012-08-01,2012-08-01,2012-07-31,Calm,Calm
CPI,2012-08-15,2012-08-15,2012-08-14,Calm,Calm
FOMC,2012-09-13,2012-09-13,2012-09-12,Calm,Calm
CPI,2012-09-14,2012-09-14,2012-09-13,Calm,Calm
CPI,2012-10-16,2012-10-16,2012-10-15,Calm,Calm
FOMC,2012-10-24,2012-10-24,2012-10-23,Calm,Calm
CPI,2012-11-15,2012-11-15,2012-11-14,Choppy,Choppy
FOMC,2012-12-12,2012-12-12,2012-12-11,Calm,Calm
CPI,2012-12-14,2012-12-14,2012-12-13,Calm,Calm
CPI,2013-01-16,2013-01-16,2013-01-15,Calm,Calm
FOMC,2013-01-30,2013-01-30,2013-01-29,Calm,Calm
CPI,2013-02-21,2013-02-21,2013-02-20,Calm,Calm
CPI,2013-03-15,2013-03-15,2013-03-14,Calm,Calm
FOMC,2013-03-20,2013-03-20,2013-03-19,Calm,Calm
CPI,2013-04-16,2013-04-16,2013-04-15,Calm,Calm
FOMC,2013-05-01,2013-05-01,2013-04-30,Calm,Calm
CPI,2013-05-16,2013-05-16,2013-05-15,Calm,Calm
CPI,2013-06-18,2013-06-18,2013-06-17,Calm,Calm
FOMC,2013-06-19,2013-06-19,2013-06-18,Calm,Calm
CPI,2013-07-16,2013-07-16,2013-07-15,Calm,Calm
FOMC,2013-07-31,2013-07-31,2013-07-30,Calm,Calm
CPI,2013-08-15,2013-08-15,2013-08-14,Calm,Calm
CPI,2013-09-17,2013-09-17,2013-09-16,Calm,Calm
FOMC,2013-09-18,2013-09-18,2013-09-17,Calm,Calm
CPI,2013-10-30,2013-10-30,2013-10-29,Calm,Calm
FOMC,2013-10-30,2013-10-30,2013-10-29,Calm,Calm
CPI,2013-11-20,2013-11-20,2013-11-19,Calm,Calm
CPI,2013-12-17,2013-12-17,2013-12-16,Calm,Calm
FOMC,2013-12-18,2013-12-18,2013-12-17,Calm,Calm
CPI,2014-01-16,2014-01-16,2014-01-15,Calm,Calm
FOMC,2014-01-29,2014-01-29,2014-01-28,Calm,Calm
CPI,2014-02-20,2014-02-20,2014-02-19,Calm,Calm
CPI,2014-03-18,2014-03-18,2014-03-17,Calm,Calm
FOMC,2014-03-19,2014-03-19,2014-03-18,Calm,Calm
CPI,2014-04-15,2014-04-15,2014-04-14,Calm,Calm
FOMC,2014-04-30,2014-04-30,2014-04-29,Calm,Calm
CPI,2014-05-15,2014-05-15,2014-05-14,Calm,Calm
CPI,2014-06-17,2014-06-17,2014-06-16,Calm,Calm
FOMC,2014-06-18,2014-06-18,2014-06-17,Calm,Calm
CPI,2014-07-22,2014-07-22,2014-07-21,Calm,Calm
FOMC,2014-07-30,2014-07-30,2014-07-29,Calm,Calm
CPI,2014-08-19,2014-08-19,2014-08-18,Calm,Calm
FOMC,2014-09-17,2014-09-17,2014-09-16,Calm,Calm
CPI,2014-09-17,2014-09-17,2014-09-16,Calm,Calm
CPI,2014-10-22,2014-10-22,2014-10-21,Choppy,Choppy
FOMC,2014-10-29,2014-10-29,2014-10-28,Calm,Calm
CPI,2014-11-20,2014-11-20,2014-11-19,Calm,Calm
CPI,2014-12-17,2014-12-17,2014-12-16,Choppy,Calm
FOMC,2014-12-17,2014-12-17,2014-12-16,Choppy,Calm
CPI,2015-01-16,2015-01-16,2015-01-15,Calm,Calm
FOMC,2015-01-28,2015-01-28,2015-01-27,Calm,Choppy
CPI,2015-02-26,2015-02-26,2015-02-25,Calm,Calm
FOMC,2015-03-18,2015-03-18,2015-03-17,Calm,Calm
CPI,2015-03-24,2015-03-24,2015-03-23,Calm,Calm
CPI,2015-04-17,2015-04-17,2015-04-16,Calm,Calm
FOMC,2015-04-29,2015-04-29,2015-04-28,Calm,Calm
CPI,2015-05-22,2015-05-22,2015-05-21,Calm,Calm
FOMC,2015-06-17,2015-06-17,2015-06-16,Calm,Calm
CPI,2015-06-18,2015-06-18,2015-06-17,Calm,Calm
CPI,2015-07-17,2015-07-17,2015-07-16,Calm,Calm
FOMC,2015-07-29,2015-07-29,2015-07-28,Calm,Calm
CPI,2015-08-19,2015-08-19,2015-08-18,Calm,Calm
CPI,2015-09-16,2015-09-16,2015-09-15,Choppy,Choppy
FOMC,2015-09-17,2015-09-17,2015-09-16,Choppy,Choppy
CPI,2015-10-15,2015-10-15,2015-10-14,Calm,Calm
FOMC,2015-10-28,2015-10-28,2015-10-27,Calm,Calm
CPI,2015-11-17,2015-11-17,2015-11-16,Calm,Calm
CPI,2015-12-15,2015-12-15,2015-12-14,Calm,Calm
FOMC,2015-12-16,2015-12-16,2015-12-15,Calm,Calm
CPI,2016-01-20,2016-01-20,2016-01-19,Choppy,Choppy
FOMC,2016-01-27,2016-01-27,2016-01-26,Choppy,Choppy
CPI,2016-02-19,2016-02-19,2016-02-18,Choppy,Choppy
FOMC,2016-03-16,2016-03-16,2016-03-15,Calm,Calm
CPI,2016-03-16,2016-03-16,2016-03-15,Calm,Calm
CPI,2016-04-14,2016-04-14,2016-04-13,Calm,Calm
FOMC,2016-04-27,2016-04-27,2016-04-26,Calm,Calm
CPI,2016-05-17,2016-05-17,2016-05-16,Calm,Calm
FOMC,2016-06-15,2016-06-15,2016-06-14,Calm,Calm
CPI,2016-06-16,2016-06-16,2016-06-15,Calm,Calm
CPI,2016-07-15,2016-07-15,2016-07-14,Calm,Calm
FOMC,2016-07-27,2016-07-27,2016-07-26,Calm,Calm
CPI,2016-08-16,2016-08-16,2016-08-15,Calm,Calm
CPI,2016-09-16,2016-09-16,2016-09-15,Calm,Calm
FOMC,2016-09-21,2016-09-21,2016-09-20,Calm,Calm
CPI,2016-10-18,2016-10-18,2016-10-17,Calm,Calm
FOMC,2016-11-02,2016-11-02,2016-11-01,Calm,Calm
CPI,2016-11-17,2016-11-17,2016-11-16,Calm,Calm
FOMC,2016-12-14,2016-12-14,2016-12-13,Calm,Calm
CPI,2016-12-15,2016-12-15,2016-12-14,Calm,Calm
CPI,2017-01-18,2017-01-18,2017-01-17,Calm,Calm
FOMC,2017-02-01,2017-02-01,2017-01-31,Calm,Calm
CPI,2017-02-15,2017-02-15,2017-02-14,Calm,Calm
FOMC,2017-03-15,2017-03-15,2017-03-14,Calm,Calm
CPI,2017-03-15,2017-03-15,2017-03-14,Calm,Calm
CPI,2017-04-14,2017-04-17,2017-04-13,Calm,Calm
FOMC,2017-05-03,2017-05-03,2017-05-02,Calm,Calm
CPI,2017-05-12,2017-05-12,2017-05-11,Calm,Calm
FOMC,2017-06-14,2017-06-14,2017-06-13,Calm,Calm
CPI,2017-06-14,2017-06-14,2017-06-13,Calm,Calm
CPI,2017-07-14,2017-07-14,2017-07-13,Calm,Calm
FOMC,2017-07-26,2017-07-26,2017-07-25,Calm,Calm
CPI,2017-08-11,2017-08-11,2017-08-10,Calm,Calm
CPI,2017-09-14,2017-09-14,2017-09-13,Calm,Calm
FOMC,2017-09-20,2017-09-20,2017-09-19,Calm,Calm
CPI,2017-10-13,2017-10-13,2017-10-12,Calm,Calm
FOMC,2017-11-01,2017-11-01,2017-10-31,Calm,Calm
CPI,2017-11-15,2017-11-15,2017-11-14,Calm,Calm
CPI,2017-12-13,2017-12-13,2017-12-12,Calm,Calm
FOMC,2017-12-13,2017-12-13,2017-12-12,Calm,Calm
CPI,2018-01-12,2018-01-12,2018-01-11,Calm,Calm
FOMC,2018-01-31,2018-01-31,2018-01-30,Calm,Calm
CPI,2018-02-14,2018-02-14,2018-02-13,Choppy,Choppy
CPI,2018-03-13,2018-03-13,2018-03-12,Calm,Calm
FOMC,2018-03-21,2018-03-21,2018-03-20,Calm,Calm
CPI,2018-04-11,2018-04-11,2018-04-10,Choppy,Choppy
FOMC,2018-05-02,2018-05-02,2018-05-01,Calm,Calm
CPI,2018-05-10,2018-05-10,2018-05-09,Calm,Calm
CPI,2018-06-12,2018-06-12,2018-06-11,Calm,Calm
FOMC,2018-06-13,2018-06-13,2018-06-12,Calm,Calm
CPI,2018-07-12,2018-07-12,2018-07-11,Calm,Calm
FOMC,2018-08-01,2018-08-01,2018-07-31,Calm,Calm
CPI,2018-08-10,2018-08-10,2018-08-09,Calm,Calm
CPI,2018-09-13,2018-09-13,2018-09-12,Calm,Calm
FOMC,2018-09-26,2018-09-26,2018-09-25,Calm,Calm
CPI,2018-10-11,2018-10-11,2018-10-10,Choppy,Choppy
FOMC,2018-11-08,2018-11-08,2018-11-07,Calm,Calm
CPI,2018-11-14,2018-11-14,2018-11-13,Choppy,Choppy
CPI,2018-12-12,2018-12-12,2018-12-11,Choppy,Choppy
FOMC,2018-12-19,2018-12-19,2018-12-18,Choppy,Choppy
CPI,2019-01-11,2019-01-11,2019-01-10,Choppy,Choppy
FOMC,2019-01-30,2019-01-30,2019-01-29,Calm,Calm
CPI,2019-02-13,2019-02-13,2019-02-12,Calm,Calm
CPI,2019-03-12,2019-03-12,2019-03-11,Calm,Calm
FOMC,2019-03-20,2019-03-20,2019-03-19,Calm,Calm
CPI,2019-04-10,2019-04-10,2019-04-09,Calm,Calm
FOMC,2019-05-01,2019-05-01,2019-04-30,Calm,Calm
CPI,2019-05-10,2019-05-10,2019-05-09,Calm,Calm
CPI,2019-06-12,2019-06-12,2019-06-11,Calm,Calm
FOMC,2019-06-19,2019-06-19,2019-06-18,Calm,Calm
CPI,2019-07-11,2019-07-11,2019-07-10,Calm,Calm
FOMC,2019-07-31,2019-07-31,2019-07-30,Calm,Calm
CPI,2019-08-13,2019-08-13,2019-08-12,Choppy,Calm
CPI,2019-09-12,2019-09-12,2019-09-11,Calm,Calm
FOMC,2019-09-18,2019-09-18,2019-09-17,Calm,Calm
CPI,2019-10-10,2019-10-10,2019-10-09,Calm,Calm
FOMC,2019-10-11,2019-10-11,2019-10-10,Calm,Calm
FOMC,2019-10-30,2019-10-30,2019-10-29,Calm,Calm
CPI,2019-11-13,2019-11-13,2019-11-12,Calm,Calm
FOMC,2019-12-11,2019-12-11,2019-12-10,Calm,Calm
CPI,2019-12-11,2019-12-11,2019-12-10,Calm,Calm
CPI,2020-01-14,2020-01-14,2020-01-13,Calm,Calm
FOMC,2020-01-29,2020-01-29,2020-01-28,Calm,Calm
CPI,2020-02-13,2020-02-13,2020-02-12,Calm,Calm
FOMC,2020-03-03,2020-03-03,2020-03-02,Choppy,Choppy
CPI,2020-03-11,2020-03-11,2020-03-10,Stressed,Stressed
FOMC,2020-03-15,2020-03-16,2020-03-13,Stressed,Stressed
CPI,2020-04-10,2020-04-13,2020-04-09,Stressed,Stressed
FOMC,2020-04-29,2020-04-29,2020-04-28,Choppy,Choppy
CPI,2020-05-12,2020-05-12,2020-05-11,Choppy,Choppy
FOMC,2020-06-10,2020-06-10,2020-06-09,Calm,Calm
CPI,2020-06-10,2020-06-10,2020-06-09,Calm,Calm
CPI,2020-07-14,2020-07-14,2020-07-13,Calm,Calm
FOMC,2020-07-29,2020-07-29,2020-07-28,Calm,Calm
CPI,2020-08-12,2020-08-12,2020-08-11,Calm,Calm
CPI,2020-09-11,2020-09-11,2020-09-10,Choppy,Choppy
FOMC,2020-09-16,2020-09-16,2020-09-15,Choppy,Choppy
CPI,2020-10-13,2020-10-13,2020-10-12,Calm,Calm
FOMC,2020-11-05,2020-11-05,2020-11-04,Calm,Calm
CPI,2020-11-12,2020-11-12,2020-11-11,Calm,Calm
CPI,2020-12-10,2020-12-10,2020-12-09,Calm,Calm
FOMC,2020-12-16,2020-12-16,2020-12-15,Calm,Calm
CPI,2021-01-13,2021-01-13,2021-01-12,Calm,Calm
FOMC,2021-01-27,2021-01-27,2021-01-26,Calm,Calm
CPI,2021-02-10,2021-02-10,2021-02-09,Calm,Calm
CPI,2021-03-10,2021-03-10,2021-03-09,Calm,Calm
FOMC,2021-03-17,2021-03-17,2021-03-16,Calm,Calm
CPI,2021-04-13,2021-04-13,2021-04-12,Calm,Calm
FOMC,2021-04-28,2021-04-28,2021-04-27,Calm,Calm
CPI,2021-05-12,2021-05-12,2021-05-11,Calm,Calm
CPI,2021-06-10,2021-06-10,2021-06-09,Calm,Calm
FOMC,2021-06-16,2021-06-16,2021-06-15,Calm,Calm
CPI,2021-07-13,2021-07-13,2021-07-12,Calm,Calm
FOMC,2021-07-28,2021-07-28,2021-07-27,Calm,Calm
CPI,2021-08-11,2021-08-11,2021-08-10,Calm,Calm
CPI,2021-09-14,2021-09-14,2021-09-13,Calm,Calm
FOMC,2021-09-22,2021-09-22,2021-09-21,Calm,Calm
CPI,2021-10-13,2021-10-13,2021-10-12,Calm,Calm
FOMC,2021-11-03,2021-11-03,2021-11-02,Calm,Calm
CPI,2021-11-10,2021-11-10,2021-11-09,Calm,Calm
CPI,2021-12-10,2021-12-10,2021-12-09,Calm,Calm
FOMC,2021-12-15,2021-12-15,2021-12-14,Calm,Calm
CPI,2022-01-12,2022-01-12,2022-01-11,Calm,Calm
FOMC,2022-01-26,2022-01-26,2022-01-25,Choppy,Choppy
CPI,2022-02-10,2022-02-10,2022-02-09,Choppy,Choppy
CPI,2022-03-10,2022-03-10,2022-03-09,Choppy,Choppy
FOMC,2022-03-16,2022-03-16,2022-03-15,Choppy,Choppy
CPI,2022-04-12,2022-04-12,2022-04-11,Calm,Calm
FOMC,2022-05-04,2022-05-04,2022-05-03,Choppy,Choppy
CPI,2022-05-11,2022-05-11,2022-05-10,Choppy,Choppy
CPI,2022-06-10,2022-06-10,2022-06-09,Choppy,Choppy
FOMC,2022-06-15,2022-06-15,2022-06-14,Choppy,Choppy
CPI,2022-07-13,2022-07-13,2022-07-12,Choppy,Choppy
FOMC,2022-07-27,2022-07-27,2022-07-26,Choppy,Calm
CPI,2022-08-10,2022-08-10,2022-08-09,Calm,Calm
CPI,2022-09-13,2022-09-13,2022-09-12,Choppy,Choppy
FOMC,2022-09-21,2022-09-21,2022-09-20,Choppy,Choppy
CPI,2022-10-13,2022-10-13,2022-10-12,Choppy,Choppy
FOMC,2022-11-02,2022-11-02,2022-11-01,Choppy,Choppy
CPI,2022-11-10,2022-11-10,2022-11-09,Choppy,Calm
CPI,2022-12-13,2022-12-13,2022-12-12,Calm,Calm
FOMC,2022-12-14,2022-12-14,2022-12-13,Calm,Calm
CPI,2023-01-12,2023-01-12,2023-01-11,Calm,Calm
FOMC,2023-02-01,2023-02-01,2023-01-31,Calm,Calm
CPI,2023-02-14,2023-02-14,2023-02-13,Calm,Calm
CPI,2023-03-14,2023-03-14,2023-03-13,Choppy,Choppy
FOMC,2023-03-22,2023-03-22,2023-03-21,Calm,Choppy
CPI,2023-04-12,2023-04-12,2023-04-11,Calm,Calm
FOMC,2023-05-03,2023-05-03,2023-05-02,Calm,Calm
CPI,2023-05-10,2023-05-10,2023-05-09,Calm,Calm
CPI,2023-06-13,2023-06-13,2023-06-12,Calm,Calm
FOMC,2023-06-14,2023-06-14,2023-06-13,Calm,Calm
CPI,2023-07-12,2023-07-12,2023-07-11,Calm,Calm
FOMC,2023-07-26,2023-07-26,2023-07-25,Calm,Calm
CPI,2023-08-10,2023-08-10,2023-08-09,Calm,Calm
CPI,2023-09-13,2023-09-13,2023-09-12,Calm,Calm
FOMC,2023-09-20,2023-09-20,2023-09-19,Calm,Calm
CPI,2023-10-12,2023-10-12,2023-10-11,Calm,Choppy
FOMC,2023-11-01,2023-11-01,2023-10-31,Choppy,Calm
CPI,2023-11-14,2023-11-14,2023-11-13,Calm,Calm
CPI,2023-12-12,2023-12-12,2023-12-11,Calm,Calm
FOMC,2023-12-13,2023-12-13,2023-12-12,Calm,Calm
CPI,2024-01-11,2024-01-11,2024-01-10,Calm,Calm
FOMC,2024-01-31,2024-01-31,2024-01-30,Calm,Calm
CPI,2024-02-13,2024-02-13,2024-02-12,Calm,Calm
CPI,2024-03-12,2024-03-12,2024-03-11,Calm,Calm
FOMC,2024-03-20,2024-03-20,2024-03-19,Calm,Calm
CPI,2024-04-10,2024-04-10,2024-04-09,Calm,Calm
FOMC,2024-05-01,2024-05-01,2024-04-30,Choppy,Choppy
CPI,2024-05-15,2024-05-15,2024-05-14,Calm,Calm
CPI,2024-06-12,2024-06-12,2024-06-11,Calm,Calm
FOMC,2024-06-12,2024-06-12,2024-06-11,Calm,Calm
CPI,2024-07-11,2024-07-11,2024-07-10,Calm,Calm
FOMC,2024-07-31,2024-07-31,2024-07-30,Calm,Calm
CPI,2024-08-14,2024-08-14,2024-08-13,Choppy,Choppy
CPI,2024-09-11,2024-09-11,2024-09-10,Calm,Calm
FOMC,2024-09-18,2024-09-18,2024-09-17,Calm,Calm
CPI,2024-10-10,2024-10-10,2024-10-09,Calm,Calm
FOMC,2024-11-07,2024-11-07,2024-11-06,Calm,Calm
CPI,2024-11-13,2024-11-13,2024-11-12,Calm,Calm
CPI,2024-12-11,2024-12-11,2024-12-10,Calm,Calm
FOMC,2024-12-18,2024-12-18,2024-12-17,Calm,Calm
