event_type,event_date,source
CPI,2024-01-11,BLS
CPI,2024-02-13,BLS
CPI,2024-03-12,BLS
CPI,2024-04-10,BLS
CPI,2024-05-15,BLS
CPI,2024-06-12,BLS
CPI,2024-07-11,BLS
CPI,2024-08-14,BLS
CPI,2024-09-11,BLS
CPI,2024-10-10,BLS
CPI,2024-11-13,BLS
CPI,2024-12-11,BLS
CPI,2023-01-12,BLS
CPI,2023-02-14,BLS
CPI,2023-03-14,BLS
CPI,2023-04-12,BLS
CPI,2023-05-10,BLS
CPI,2023-06-13,BLS
CPI,2023-07-12,BLS
CPI,2023-08-10,BLS
CPI,2023-09-13,BLS
CPI,2023-10-12,BLS
CPI,2023-11-14,BLS
CPI,2023-12-12,BLS
CPI,2022-01-12,BLS
CPI,2022-02-10,BLS
CPI,2022-03-10,BLS
CPI,2022-04-12,BLS
CPI,2022-05-11,BLS
CPI,2022-06-10,BLS
CPI,2022-07-13,BLS
CPI,2022-08-10,BLS
CPI,2022-09-13,BLS
CPI,2022-10-13,BLS
CPI,2022-11-10,BLS
CPI,2022-12-13,BLS
CPI,2021-01-13,BLS
CPI,2021-02-10,BLS
CPI,2021-03-10,BLS
CPI,2021-04-13,BLS
CPI,2021-05-12,BLS
CPI,2021-06-10,BLS
CPI,2021-07-13,BLS
CPI,2021-08-11,BLS
CPI,2021-09-14,BLS
CPI,2021-10-13,BLS
CPI,2021-11-10,BLS
CPI,2021-12-10,BLS
CPI,2020-01-14,BLS
CPI,2020-02-13,BLS
CPI,2020-03-11,BLS
CPI,2020-04-10,BLS
CPI,2020-05-12,BLS
CPI,2020-06-10,BLS
CPI,2020-07-14,BLS
CPI,2020-08-12,BLS
CPI,2020-09-11,BLS
CPI,2020-10-13,BLS
CPI,2020-11-12,BLS
CPI,2020-12-10,BLS
CPI,2019-01-11,BLS
CPI,2019-02-13,BLS
CPI,2019-03-12,BLS
CPI,2019-04-10,BLS
CPI,2019-05-10,BLS
CPI,2019-06-12,BLS
CPI,2019-07-11,BLS
CPI,2019-08-13,BLS
CPI,2019-09-12,BLS
CPI,2019-10-10,BLS
CPI,2019-11-13,BLS
CPI,2019-12-11,BLS
CPI,2018-01-12,BLS
CPI,2018-02-14,BLS
CPI,2018-03-13,BLS
CPI,2018-04-11,BLS
CPI,2018-05-10,BLS
CPI,2018-06-12,BLS
CPI,2018-07-12,BLS
CPI,2018-08-10,BLS
CPI,2018-09-13,BLS
CPI,2018-10-11,BLS
CPI,2018-11-14,BLS
CPI,2018-12-12,BLS
CPI,2017-01-18,BLS
CPI,2017-02-15,BLS
CPI,2017-03-15,BLS
CPI,2017-04-14,BLS
CPI,2017-05-12,BLS
CPI,2017-06-14,BLS
CPI,2017-07-14,BLS
CPI,2017-08-11,BLS
CPI,2017-09-14,BLS
CPI,2017-10-13,BLS
CPI,2017-11-15,BLS
CPI,2017-12-13,BLS
CPI,2016-01-20,BLS
CPI,2016-02-19,BLS
CPI,2016-03-16,BLS
CPI,2016-04-14,BLS
CPI,2016-05-17,BLS
CPI,2016-06-16,BLS
CPI,2016-07-15,BLS
CPI,2016-08-16,BLS
CPI,2016-09-16,BLS
CPI,2016-10-18,BLS
CPI,2016-11-17,BLS
CPI,2016-12-15,BLS
CPI,2015-01-16,BLS
CPI,2015-02-26,BLS
CPI,2015-03-24,BLS
CPI,2015-04-17,BLS
CPI,2015-05-22,BLS
CPI,2015-06-18,BLS
CPI,2015-07-17,BLS
CPI,2015-08-19,BLS
CPI,2015-09-16,BLS
CPI,2015-10-15,BLS
CPI,2015-11-17,BLS
CPI,2015-12-15,BLS
CPI,2014-01-16,BLS
CPI,2014-02-20,BLS
CPI,2014-03-18,BLS
CPI,2014-04-15,BLS
CPI,2014-05-15,BLS
CPI,2014-06-17,BLS
CPI,2014-07-22,BLS
CPI,2014-08-19,BLS
CPI,2014-09-17,BLS
CPI,2014-10-22,BLS
CPI,2014-11-20,BLS
CPI,2014-12-17,BLS
CPI,2013-01-16,BLS
CPI,2013-02-21,BLS
CPI,2013-03-15,BLS
CPI,2013-04-16,BLS
CPI,2013-05-16,BLS
CPI,2013-06-18,BLS
CPI,2013-07-16,BLS
CPI,2013-08-15,BLS
CPI,2013-09-17,BLS
CPI,2013-10-30,BLS
CPI,2013-11-20,BLS
CPI,2013-12-17,BLS
CPI,2012-01-19,BLS
CPI,2012-02-17,BLS
CPI,2012-03-16,BLS
CPI,2012-04-13,BLS
CPI,2012-05-15,BLS
CPI,2012-06-14,BLS
CPI,2012-07-17,BLS
CPI,2012-08-15,BLS
CPI,2012-09-14,BLS
CPI,2012-10-16,BLS
CPI,2012-11-15,BLS
CPI,2012-12-14,BLS
CPI,2011-01-14,BLS
CPI,2011-02-17,BLS
CPI,2011-03-17,BLS
CPI,2011-04-15,BLS
CPI,2011-05-13,BLS
CPI,2011-06-15,BLS
CPI,2011-07-15,BLS
CPI,2011-08-18,BLS
CPI,2011-09-15,BLS
CPI,2011-10-19,BLS
CPI,2011-11-16,BLS
CPI,2011-12-16,BLS
CPI,2010-01-15,BLS
CPI,2010-02-19,BLS
CPI,2010-03-18,BLS
CPI,2010-04-14,BLS
CPI,2010-05-19,BLS
CPI,2010-06-17,BLS
CPI,2010-07-16,BLS
CPI,2010-08-13,BLS
CPI,2010-09-17,BLS
CPI,2010-10-15,BLS
CPI,2010-11-17,BLS
CPI,2010-12-15,BLS
FOMC,2024-01-31,Federal Reserve
FOMC,2024-03-20,Federal Reserve
FOMC,2024-05-01,Federal Reserve
FOMC,2024-06-12,Federal Reserve
FOMC,2024-07-31,Federal Reserve
FOMC,2024-09-18,Federal Reserve
FOMC,2024-11-07,Federal Reserve
FOMC,2024-12-18,Federal Reserve
FOMC,2023-02-01,Federal Reserve
FOMC,2023-03-22,Federal Reserve
FOMC,2023-05-03,Federal Reserve
FOMC,2023-06-14,Federal Reserve
FOMC,2023-07-26,Federal Reserve
FOMC,2023-09-20,Federal Reserve
FOMC,2023-11-01,Federal Reserve
FOMC,2023-12-13,Federal Reserve
FOMC,2022-01-26,Federal Reserve
FOMC,2022-03-16,Federal Reserve
FOMC,2022-05-04,Federal Reserve
FOMC,2022-06-15,Federal Reserve
FOMC,2022-07-27,Federal Reserve
FOMC,2022-09-21,Federal Reserve
FOMC,2022-11-02,Federal Reserve
FOMC,2022-12-14,Federal Reserve
FOMC,2021-01-27,Federal Reserve
FOMC,2021-03-17,Federal Reserve
FOMC,2021-04-28,Federal Reserve
FOMC,2021-06-16,Federal Reserve
FOMC,2021-07-28,Federal Reserve
FOMC,2021-09-22,Federal Reserve
FOMC,2021-11-03,Federal Reserve
FOMC,2021-12-15,Federal Reserve
FOMC,2020-01-29,Federal Reserve
FOMC,2020-03-03,Federal Reserve
FOMC,2020-03-15,Federal Reserve
FOMC,2020-04-29,Federal Reserve
FOMC,2020-06-10,Federal Reserve
FOMC,2020-07-29,Federal Reserve
FOMC,2020-09-16,Federal Reserve
FOMC,2020-11-05,Federal Reserve
FOMC,2020-12-16,Federal Reserve
FOMC,2019-01-30,Federal Reserve
FOMC,2019-03-20,Federal Reserve
FOMC,2019-05-01,Federal Reserve
FOMC,2019-06-19,Federal Reserve
FOMC,2019-07-31,Federal Reserve
FOMC,2019-09-18,Federal Reserve
FOMC,2019-10-11,Federal Reserve
FOMC,2019-10-30,Federal Reserve
FOMC,2019-12-11,Federal Reserve
FOMC,2018-01-31,Federal Reserve
FOMC,2018-03-21,Federal Reserve
FOMC,2018-05-02,Federal Reserve
FOMC,2018-06-13,Federal Reserve
FOMC,2018-08-01,Federal Reserve
FOMC,2018-09-26,Federal Reserve
FOMC,2018-11-08,Federal Reserve
FOMC,2018-12-19,Federal Reserve
FOMC,2017-02-01,Federal Reserve
FOMC,2017-03-15,Federal Reserve
FOMC,2017-05-03,Federal Reserve
FOMC,2017-06-14,Federal Reserve
FOMC,2017-07-26,Federal Reserve
FOMC,2017-09-20,Federal Reserve
FOMC,2017-11-01,Federal Reserve
FOMC,2017-12-13,Federal Reserve
FOMC,2016-01-27,Federal Reserve
FOMC,2016-03-16,Federal Reserve
FOMC,2016-04-27,Federal Reserve
FOMC,2016-06-15,Federal Reserve
FOMC,2016-07-27,Federal Reserve
FOMC,2016-09-21,Federal Reserve
FOMC,2016-11-02,Federal Reserve
FOMC,2016-12-14,Federal Reserve
FOMC,2015-01-28,Federal Reserve
FOMC,2015-03-18,Federal Reserve
FOMC,2015-04-29,Federal Reserve
FOMC,2015-06-17,Federal Reserve
FOMC,2015-07-29,Federal Reserve
FOMC,2015-09-17,Federal Reserve
FOMC,2015-10-28,Federal Reserve
FOMC,2015-12-16,Federal Reserve
FOMC,2014-01-29,Federal Reserve
FOMC,2014-03-19,Federal Reserve
FOMC,2014-04-30,Federal Reserve
FOMC,2014-06-18,Federal Reserve
FOMC,2014-07-30,Federal Reserve
FOMC,2014-09-17,Federal Reserve
FOMC,2014-10-29,Federal Reserve
FOMC,2014-12-17,Federal Reserve
FOMC,2013-01-30,Federal Reserve
FOMC,2013-03-20,Federal Reserve
FOMC,2013-05-01,Federal Reserve
FOMC,2013-06-19,Federal Reserve
FOMC,2013-07-31,Federal Reserve
FOMC,2013-09-18,Federal Reserve
FOMC,2013-10-30,Federal Reserve
FOMC,2013-12-18,Federal Reserve
FOMC,2012-01-25,Federal Reserve
FOMC,2012-03-13,Federal Reserve
FOMC,2012-04-25,Federal Reserve
FOMC,2012-06-20,Federal Reserve
FOMC,2012-08-01,Federal Reserve
FOMC,2012-09-13,Federal Reserve
FOMC,2012-10-24,Federal Reserve
FOMC,2012-12-12,Federal Reserve
FOMC,2011-01-26,Federal Reserve
FOMC,2011-03-15,Federal Reserve
FOMC,2011-04-27,Federal Reserve
FOMC,2011-06-22,Federal Reserve
FOMC,2011-08-09,Federal Reserve
FOMC,2011-09-21,Federal Reserve
FOMC,2011-11-02,Federal Reserve
FOMC,2011-12-13,Federal Reserve
FOMC,2010-01-27,Federal Reserve
FOMC,2010-03-16,Federal Reserve
FOMC,2010-04-28,Federal Reserve
FOMC,2010-06-23,Federal Reserve
FOMC,2010-08-10,Federal Reserve
FOMC,2010-09-21,Federal Reserve
FOMC,2010-11-03,Federal Reserve
FOMC,2010-12-14,Federal Reserve
